<?xml version="1.0"?>
<!DOCTYPE remote_ui_xml>
<root name="interface">
<TabWidget name="Main_TabWidget">
 <Tab name="x4-multiplex">
  <TabWidget name="UavMultiplex">
   <Tab name="Setup">
    <GroupBox name="x4 multiplex">
     <ComboBox value="1" name="front left blade pitch:"/>
    </GroupBox>
    <GroupBox name="motor attribution">
     <ComboBox value="0" name="front left"/>
     <ComboBox value="1" name="front rigth"/>
     <ComboBox value="2" name="rear left"/>
     <ComboBox value="3" name="rear rigth"/>
    </GroupBox>
    <GroupBox name="bldc">
     <Label name="flight time"/>
     <DoubleSpinBox value="0.4" name="min value:"/>
     <DoubleSpinBox value="1" name="max value:"/>
     <DoubleSpinBox value="0.1" name="test value:"/>
     <PushButton value="0" name="test motor 0"/>
     <PushButton value="0" name="test motor 1"/>
     <PushButton value="0" name="test motor 2"/>
     <PushButton value="0" name="test motor 3"/>
    <SpinBox name="test duration:" value="2"/><PushButton name="test selected motors"/><CheckBox name="0" value="1"/><CheckBox name="1" value="1"/><CheckBox name="2" value="1"/><CheckBox name="3" value="1"/></GroupBox>
   <DoubleSpinBox name="permanent trim roll" value="0"/><DoubleSpinBox name="permanent trim pitch" value="0"/></Tab>
   <Tab name="Values">
    <DataPlot1D name="front left" period="100" enabled="0" nb_buf="1">
     <Setup period="100" enabled="0"/>
    </DataPlot1D>
    <DataPlot1D name="front right" period="100" enabled="0" nb_buf="1">
     <Setup period="100" enabled="0"/>
    </DataPlot1D>
    <DataPlot1D name="rear left" period="100" enabled="0" nb_buf="1">
     <Setup period="100" enabled="0"/>
    </DataPlot1D>
    <DataPlot1D name="rear right" period="100" enabled="0" nb_buf="1">
     <Setup period="100" enabled="0"/>
    </DataPlot1D>
   </Tab>
  </TabWidget>
 </Tab>
 <Tab name="parrot-us">
  <TabWidget name="parrot-us">
   <Tab name="Reglages">
    <GroupBox name="parrot-us"/>
    <GroupBox name="Passe bas">
     <DoubleSpinBox value="0.04" name="period, 0 for auto"/>
     <DoubleSpinBox value="5" name="cutoff frequency"/>
    </GroupBox>
    <GroupBox name="Vz">
     <DoubleSpinBox value="0.04" name="period, 0 for auto:"/>
    <DoubleSpinBox name="saturation, -1 to disable:" value="-1"/></GroupBox>
    <GroupBox name="Passe bas v">
     <DoubleSpinBox value="0.04" name="period, 0 for auto"/>
     <DoubleSpinBox value="10" name="cutoff frequency"/>
    </GroupBox>
    <GroupBox name="alt cons">
     <DoubleSpinBox value="0" name="period, 0 for auto:"/>
     <DoubleSpinBox value="1" name="velocity max (absolute):"/>
     <DoubleSpinBox value="0.8" name="acceleration (absolute):"/>
    </GroupBox>
    <GroupBox name="decollage">
     <DoubleSpinBox value="0.8" name="alt decollage"/>
     <DoubleSpinBox value="0" name="alt atterissage"/>
    </GroupBox>
   </Tab>
   <Tab name="Mesures">
    <DataPlot1D name="parrot-us" period="100" enabled="1" nb_buf="1">
     <Setup period="100" enabled="1"/>
    </DataPlot1D>
    <DataPlot1D name="vz" period="100" enabled="1" nb_buf="1">
     <Setup period="100" enabled="1"/>
    </DataPlot1D>
   </Tab>
  </TabWidget>
 </Tab>
 <Tab name="parrot-imu">
  <TabWidget name="parrot-imu">
   <Tab name="Reglages">
    <GroupBox name="parrot-imu"><CheckBox name="enable magnetometer (send 0 if unchecked):" value="0"/><Vector3DSpinBox name="magnetic offset (uT)" value_x="0" value_y="0" value_z="0"/><GroupBox name="magnetometers transformation"><DoubleSpinBox name="0,0" value="1"/><DoubleSpinBox name="0,1" value="0"/><DoubleSpinBox name="0,2" value="0"/><DoubleSpinBox name="1,0" value="0"/><DoubleSpinBox name="1,1" value="1"/><DoubleSpinBox name="1,2" value="0"/><DoubleSpinBox name="2,0" value="0"/><DoubleSpinBox name="2,1" value="0"/><DoubleSpinBox name="2,2" value="1"/></GroupBox></GroupBox>
    <GroupBox name="post rotation">
     <DoubleSpinBox value="0" name="value"/>
     <ComboBox value="0" name="axis"/>
    </GroupBox>
    <DoubleSpinBox value="0.5" name="k_a[0]:"/>
    <DoubleSpinBox value="0.5" name="k_a[1]:"/>
    <DoubleSpinBox value="0" name="k_a[2]:"/>
    <DoubleSpinBox value="0.01" name="k_b[0]:"/>
    <DoubleSpinBox value="0.01" name="k_b[1]:"/>
    <DoubleSpinBox value="0.01" name="k_b[2]:"/>
   <DoubleSpinBox name="ka[0]:" value="0.5"/><DoubleSpinBox name="ka[1]:" value="0.5"/><DoubleSpinBox name="ka[2]:" value="0"/><DoubleSpinBox name="kb[0]:" value="0.01"/><DoubleSpinBox name="kb[1]:" value="0.01"/><DoubleSpinBox name="kb[2]:" value="0.01"/><DoubleSpinBox name="km[0]:" value="0.01"/><DoubleSpinBox name="km[1]:" value="0.01"/><DoubleSpinBox name="km[2]:" value="0.01"/><Vector3DSpinBox name="ref magnetic field (uT)" value_x="20.5324001312256" value_y="0.236699998378754" value_z="43.6682014465332"/></Tab>
   <Tab name="AHRS">
    <DataPlot1D name="roll" period="100" enabled="1" nb_buf="1">
     <Setup period="100" enabled="1"/>
    </DataPlot1D>
    <DataPlot1D name="pitch" period="100" enabled="1" nb_buf="1">
     <Setup period="100" enabled="1"/>
    </DataPlot1D>
    <DataPlot1D name="yaw" period="100" enabled="0" nb_buf="1">
     <Setup period="100" enabled="1"/>
    </DataPlot1D>
    <DataPlot1D name="w_x" period="100" enabled="0" nb_buf="1">
     <Setup period="100" enabled="1"/>
    </DataPlot1D>
    <DataPlot1D name="w_y" period="100" enabled="0" nb_buf="1">
     <Setup period="100" enabled="1"/>
    </DataPlot1D>
    <DataPlot1D name="w_z" period="100" enabled="0" nb_buf="1">
     <Setup period="100" enabled="1"/>
    </DataPlot1D>
   </Tab>
   <Tab name="IMU">
    <DataPlot1D name="acc_x" period="100" enabled="0" nb_buf="1">
     <Setup period="100" enabled="0"/>
    </DataPlot1D>
    <DataPlot1D name="acc_y" period="100" enabled="0" nb_buf="1">
     <Setup period="100" enabled="0"/>
    </DataPlot1D>
    <DataPlot1D name="acc_z" period="100" enabled="0" nb_buf="1">
     <Setup period="100" enabled="0"/>
    </DataPlot1D>
    <DataPlot1D name="gyr_x" period="100" enabled="0" nb_buf="1">
     <Setup period="100" enabled="0"/>
    </DataPlot1D>
    <DataPlot1D name="gyr_y" period="100" enabled="0" nb_buf="1">
     <Setup period="100" enabled="0"/>
    </DataPlot1D>
    <DataPlot1D name="gyr_z" period="100" enabled="0" nb_buf="1">
     <Setup period="100" enabled="0"/>
    </DataPlot1D>
    <DataPlot1D name="mag_x" period="100" enabled="0" nb_buf="1">
     <Setup period="100" enabled="0"/>
    </DataPlot1D>
    <DataPlot1D name="mag_y" period="100" enabled="0" nb_buf="1">
     <Setup period="100" enabled="0"/>
    </DataPlot1D>
    <DataPlot1D name="mag_z" period="100" enabled="0" nb_buf="1">
     <Setup period="100" enabled="0"/>
    </DataPlot1D>
   </Tab>
  <Tab name="Quaternion"><DataPlot1D name="q0" period="100" enabled="0" nb_buf="1"/><DataPlot1D name="q1" period="100" enabled="0" nb_buf="1"/><DataPlot1D name="q2" period="100" enabled="0" nb_buf="1"/><DataPlot1D name="q3" period="100" enabled="0" nb_buf="1"/></Tab></TabWidget>
 </Tab>
 <Tab name="battery">
  <GroupBox name="battery">
   <Label name="battery"/>
   <DoubleSpinBox value="10.5" name="threshold"/>
  <SpinBox name="threshold time" value="10"/></GroupBox>
 </Tab>
 <Tab name="vrpn">
  <TabWidget name="vrpn">
   <Tab name="Reglages">
    <GroupBox name="post rotation 1">
     <DoubleSpinBox value="90" name="value"/>
     <ComboBox value="1" name="axis"/>
    </GroupBox>
    <GroupBox name="post rotation 2">
     <DoubleSpinBox value="90" name="value"/>
     <ComboBox value="0" name="axis"/>
    </GroupBox>
    <GroupBox name="Drone_0 Passe bas">
     <DoubleSpinBox value="0" name="period, 0 for auto"/>
     <DoubleSpinBox value="2" name="cutoff frequency"/>
    </GroupBox>
    <GroupBox name="Drone_0_euler">
     <DoubleSpinBox value="0" name="period, 0 for auto:"/>
    <DoubleSpinBox name="saturation, -1 to disable:" value="-1"/></GroupBox>
    <GroupBox name="target Passe bas">
     <DoubleSpinBox value="0" name="period, 0 for auto"/>
     <DoubleSpinBox value="2" name="cutoff frequency"/>
    </GroupBox>
    <GroupBox name="target_euler">
     <DoubleSpinBox value="0" name="period, 0 for auto:"/>
    <DoubleSpinBox name="saturation, -1 to disable:" value="-1"/></GroupBox>
    <GroupBox name="circle">
     <DoubleSpinBox value="0" name="period, 0 for auto"/>
     <DoubleSpinBox value="1" name="R"/>
     <DoubleSpinBox value="0.5" name="velocity"/>
     <DoubleSpinBox value="0.1" name="acceleration (absolute)"/>
    </GroupBox>
   </Tab>
   <Tab name="Mesures Drone_0">
    <DataPlot1D name="x" period="100" enabled="0" nb_buf="1">
     <Setup period="100" enabled="1"/>
    </DataPlot1D>
    <DataPlot1D name="y" period="100" enabled="0" nb_buf="1">
     <Setup period="100" enabled="1"/>
    </DataPlot1D>
    <DataPlot1D name="z" period="100" enabled="0" nb_buf="1">
     <Setup period="100" enabled="1"/>
    </DataPlot1D>
    <DataPlot1D name="vx" period="100" enabled="0" nb_buf="1">
     <Setup period="100" enabled="0"/>
    </DataPlot1D>
    <DataPlot1D name="vy" period="100" enabled="0" nb_buf="1">
     <Setup period="100" enabled="0"/>
    </DataPlot1D>
    <DataPlot1D name="vz" period="100" enabled="0" nb_buf="1">
     <Setup period="100" enabled="0"/>
    </DataPlot1D>
   </Tab>
   <Tab name="Mesures (xy) Drone_0">
    <DataPlot2D name="xy" period="100" enabled="0" nb_buf="1">
     <Setup period="100" enabled="1"/>
    </DataPlot2D>
   </Tab>
   <Tab name="Mesures target">
    <DataPlot1D name="x" period="100" enabled="0" nb_buf="1">
     <Setup period="100" enabled="0"/>
    </DataPlot1D>
    <DataPlot1D name="y" period="100" enabled="0" nb_buf="1">
     <Setup period="100" enabled="0"/>
    </DataPlot1D>
    <DataPlot1D name="z" period="100" enabled="0" nb_buf="1">
     <Setup period="100" enabled="0"/>
    </DataPlot1D>
    <DataPlot1D name="vx" period="100" enabled="0" nb_buf="1">
     <Setup period="100" enabled="0"/>
    </DataPlot1D>
    <DataPlot1D name="vy" period="100" enabled="0" nb_buf="1">
     <Setup period="100" enabled="0"/>
    </DataPlot1D>
    <DataPlot1D name="vz" period="100" enabled="0" nb_buf="1">
     <Setup period="100" enabled="0"/>
    </DataPlot1D>
   </Tab>
   <Tab name="Mesures (xy) target">
    <DataPlot2D name="xy" period="100" enabled="0" nb_buf="1">
     <Setup period="100" enabled="0"/>
    </DataPlot2D>
   </Tab>
  </TabWidget>
 </Tab>
 <Tab name="camv">
  <TabWidget name="camv">
   <Tab name="Setup">
    <GroupBox name="camv">
     <DoubleSpinBox value="0" name="gain:"/>
     <DoubleSpinBox value="0" name="exposure:"/>
     <DoubleSpinBox value="0" name="bright:"/>
     <DoubleSpinBox value="0" name="contrast:"/>
     <DoubleSpinBox value="0" name="hue:"/>
     <DoubleSpinBox value="0" name="sharpness:"/>
     <DoubleSpinBox value="0" name="saturation:"/>
     <CheckBox value="1" name="autogain:"/>
     <CheckBox value="1" name="autoexposure:"/>
     <CheckBox value="1" name="awb:"/>
    <Label name="fps"/></GroupBox>
    <GridLayout name="setup"/>
   </Tab>
  </TabWidget>
 </Tab>
 <Tab name="uav">
  <GridLayout name="buttons">
   <PushButton value="0" name="kill"/>
   <PushButton value="1" name="start_log"/>
   <PushButton value="1" name="stop_log"/>
   <PushButton value="0" name="take_off"/>
   <PushButton value="0" name="landing"/>
   <PushButton value="1" name="start_circle"/>
   <PushButton value="0" name="stop_circle"/>
  <PushButton name="land"/><PushButton name="quit program"/><PushButton name="position hold"/></GridLayout>
 <GroupBox name="takeoff/landing"><DoubleSpinBox name="desired takeoff altitude" value="1"/><DoubleSpinBox name="desired landing altitude" value="0"/></GroupBox><GroupBox name="alt cons"><DoubleSpinBox name="period, 0 for auto:" value="0"/><DoubleSpinBox name="velocity max (absolute):" value="1"/><DoubleSpinBox name="acceleration (absolute):" value="0.8"/></GroupBox></Tab>
 <Tab name="control laws">
  <TabWidget name="laws">
   <Tab name="Setup">
    <GroupBox name="u_roll">
     <DoubleSpinBox value="20" name="sat ref:"/>
     <DoubleSpinBox value="12" name="kp:"/>
     <DoubleSpinBox value="1000" name="sat dref:"/>
     <DoubleSpinBox value="0.2" name="kd:"/>
     <DoubleSpinBox value="0.4" name="sat u:"/>
    </GroupBox>
    <GroupBox name="u_pitch">
     <DoubleSpinBox value="20" name="sat ref:"/>
     <DoubleSpinBox value="12" name="kp:"/>
     <DoubleSpinBox value="1000" name="sat dref:"/>
     <DoubleSpinBox value="0.2" name="kd:"/>
     <DoubleSpinBox value="0.4" name="sat u:"/>
    </GroupBox>
    <GroupBox name="u_yaw">
     <DoubleSpinBox value="0" name="period, 0 for auto"/>
     <DoubleSpinBox value="0.6" name="kp:"/>
     <DoubleSpinBox value="0.1" name="ki:"/>
     <DoubleSpinBox value="0.2" name="sat i:"/>
     <DoubleSpinBox value="0.2" name="kd:"/>
     <DoubleSpinBox value="0.5" name="sat:"/>
    </GroupBox>
    <GroupBox name="u_x">
     <DoubleSpinBox value="0" name="period, 0 for auto"/>
     <DoubleSpinBox value="0.4" name="kp:"/>
     <DoubleSpinBox value="0.4" name="ki:"/>
     <DoubleSpinBox value="0" name="sat i:"/>
     <DoubleSpinBox value="0.2" name="kd:"/>
     <DoubleSpinBox value="0.4" name="sat:"/>
    </GroupBox>
    <GroupBox name="u_y">
     <DoubleSpinBox value="0" name="period, 0 for auto"/>
     <DoubleSpinBox value="0.4" name="kp:"/>
     <DoubleSpinBox value="0.1" name="ki:"/>
     <DoubleSpinBox value="0" name="sat i:"/>
     <DoubleSpinBox value="0.2" name="kd:"/>
     <DoubleSpinBox value="0.4" name="sat:"/>
    </GroupBox>
    <GroupBox name="u_z">
     <DoubleSpinBox value="0" name="period, 0 for auto"/>
     <DoubleSpinBox value="0.6" name="kp:"/>
     <DoubleSpinBox value="0.2" name="ki:"/>
     <DoubleSpinBox value="0.4" name="sat i:"/>
     <DoubleSpinBox value="0.4" name="kd:"/>
     <DoubleSpinBox value="0.6" name="offset g:"/>
     <DoubleSpinBox value="1" name="sat:"/>
     <DoubleSpinBox value="0.0002" name="offset step:"/>
    </GroupBox>
   </Tab>
   <Tab name="Graphes">
    <DataPlot1D name="u_roll" period="100" enabled="0" nb_buf="1">
     <Setup period="100" enabled="0"/>
    </DataPlot1D>
    <DataPlot1D name="u_pitch" period="100" enabled="0" nb_buf="1">
     <Setup period="100" enabled="0"/>
    </DataPlot1D>
    <DataPlot1D name="u_yaw" period="100" enabled="0" nb_buf="1">
     <Setup period="100" enabled="0"/>
    </DataPlot1D>
    <DataPlot1D name="u_x" period="100" enabled="0" nb_buf="1">
     <Setup period="100" enabled="0"/>
    </DataPlot1D>
    <DataPlot1D name="u_y" period="100" enabled="0" nb_buf="1">
     <Setup period="100" enabled="0"/>
    </DataPlot1D>
    <DataPlot1D name="u_z" period="100" enabled="0" nb_buf="1">
     <Setup period="100" enabled="0"/>
    </DataPlot1D>
   </Tab>
  </TabWidget>
 </Tab>
 <Tab name="Dualshock3">
  <TabWidget name="Dualshock3">
   <Tab name="Reglages">
    <GroupBox name="consignes joy">
     <DoubleSpinBox value="-15" name="debattement roll"/>
     <DoubleSpinBox value="-15" name="debattement pitch"/>
     <DoubleSpinBox value="90" name="debattement wz"/>
     <DoubleSpinBox value="-0.5" name="debattement dz"/>
     <DoubleSpinBox value="0.02" name="trim"/>
     <Label name="trim roll"/>
     <PushButton value="0" name="reset roll trim"/>
     <Label name="trim pitch"/>
     <PushButton value="0" name="reset pitch trim"/>
    <GroupBox name="trim roll"><Label name="value"/><PushButton name="up"/><PushButton name="down"/><PushButton name="reset"/></GroupBox><GroupBox name="trim pitch"><Label name="value"/><PushButton name="up"/><PushButton name="down"/><PushButton name="reset"/></GroupBox></GroupBox>
   </Tab>
  </TabWidget>
 </Tab>
<Tab name="predictor"><DataPlot1D name="u_pitch" period="100" enabled="1"/></Tab><Tab name="parrot-pressure"><TabWidget name="parrot-pressure"><Tab name="Setup"><GroupBox name="parrot-pressure"/></Tab><Tab name="Mesures"><DataPlot1D name="parrot-pressure" period="100" enabled="0" nb_buf="1"/></Tab></TabWidget></Tab></TabWidget>
<TabWidget name="App_TabWidget"><Tab name="Drone_0"><PushButton name="save config on target" value="1"/></Tab></TabWidget><PushButton name="save config on target (Drone_0)"/></root>
